<?xml version="1.0" encoding="UTF-8"?>
<manifest identifier="man00001" xmlns:bb="http://www.blackboard.com/content-packaging/"><organizations
   default="toc00001"><organization identifier="toc00001"><item identifier="itm00001"
     identifierref="res00005"><title>Course Content</title><item identifier="itm00022"
      identifierref="res00117"><title>--TOP--</title><item identifier="itm00023"
      identifierref="res00118"><title>Welcome to (My Course)</title></item><item identifier="itm00024"
      identifierref="res00119"><title>Another Turnitin Test (select testing)</title></item><item identifier="itm00025"
      identifierref="res00120"><title>Test</title></item><item identifier="itm00026"
      identifierref="res00121"><title>Hotkey Test - Edited</title></item><item identifier="itm00027"
      identifierref="res00122"><title>TEST TURNITIN</title></item><item identifier="itm00028"
      identifierref="res00123"><title>TEST LINK</title></item><item identifier="itm00029"
      identifierref="res00124"><title>Practice Quiz</title></item><item identifier="itm00030"
      identifierref="res00125"><title>Basic Item</title></item><item identifier="itm00031"
    identifierref="res00126"><title>Blogs</title></item></item></item><item identifier="itm00002"
    identifierref="res00006"><title>Link Your Syllabus Here</title></item><item identifier="itm00003"
    identifierref="res00007"><title>Course Tools</title></item><item identifier="itm00004"
    identifierref="res00008"><title>Announcements</title></item><item identifier="itm00005"
    identifierref="res00009"><title>Messages</title></item><item identifier="itm00006"
    identifierref="res00010"><title>Discussion Board</title></item><item identifier="itm00007"
     identifierref="res00011"><title>Adobe Connect</title><item identifier="itm00032"
      identifierref="res00127"><title>--TOP--</title><item identifier="itm00033"
      identifierref="res00128"><title>Instructions</title></item><item identifier="itm00034"
      identifierref="res00129"><title>Private Group Meeting Rooms - Important How To's</title></item><item
      identifier="itm00035" identifierref="res00130"><title>Adobe Connect Meetings</title></item></item></item><item
    identifier="itm00008" identifierref="res00012"><title>Assessments</title><item identifier="itm00036"
      identifierref="res00131"><title>--TOP--</title><item identifier="itm00037"
      identifierref="res00132"><title>Instructions</title></item><item identifier="itm00038"
      identifierref="res00133"><title>Proctored Exam Instructions</title></item><item identifier="itm00039"
      identifierref="res00134"><title>ProctorU</title></item><item identifier="itm00040"
      identifierref="res00135"><title>Respondus Lockdown Browser</title></item><item identifier="itm00041"
      identifierref="res00136"><title>Practice Quiz</title></item><item identifier="itm00042"
      identifierref="res00137"><title>SAMPLE</title></item><item identifier="itm00043"
    identifierref="res00138"><title>iframe Test</title></item></item></item><item identifier="itm00009"
     identifierref="res00013"><title>Assignment Dropbox</title><item identifier="itm00044"
      identifierref="res00139"><title>--TOP--</title><item identifier="itm00045"
      identifierref="res00140"><title>Assignment Instructions</title></item><item identifier="itm00046"
      identifierref="res00141"><title>Directions on Submitting Assignments to the Dropbox</title></item><item
      identifier="itm00047"
      identifierref="res00142"><title>Directions on Submitting Assignments through Turnitin</title></item><item
      identifier="itm00048" identifierref="res00143"><title>asd</title></item></item></item><item identifier="itm00010"
    identifierref="res00014"><title>Groups</title></item><item identifier="itm00011"
    identifierref="res00015"><title>Student Resources</title></item><item identifier="itm00012"
    identifierref="res00016"><title>My Grades</title></item><item identifier="itm00013"
    identifierref="res00017"><title>Calendar</title></item><item identifier="itm00014"
    identifierref="res00018"><title>Policies</title></item><item identifier="itm00015"
    identifierref="res00019"><title>FIU Resources</title></item><item identifier="itm00016"
    identifierref="res00020"><title>Course Resources</title></item><item identifier="itm00017"
    identifierref="res00021"><title>Technical Support</title></item><item identifier="itm00018"
    identifierref="res00022"><title>Instructor Dashboard</title></item><item identifier="itm00019"
    identifierref="res00023"><title>Instructor Resources</title></item><item identifier="itm00020"
    identifierref="res00024"><title>Section Tools</title></item><item identifier="itm00021"
     identifierref="res00025"><title>Notes to Support Services</title><item identifier="itm00049"
      identifierref="res00144"><title>--TOP--</title><item identifier="itm00050"
   identifierref="res00145"><title>Attention Support Services:</title></item></item></item></organization></organizations><resources><resource
   bb:file="res00001.dat" bb:title="New Employee Sandbox - DanielVictoriano_03292016" identifier="res00001"
   type="course/x-bb-coursesetting" xml:base="res00001"/><resource bb:file="res00002.dat"
   bb:title="Learning Standard Sub Document Associations" identifier="res00002" type="course/x-bb-subdocassociation"
   xml:base="res00002"/><resource bb:file="res00003.dat" bb:title="Course Application Settings" identifier="res00003"
   type="course/x-bb-courseappsetting" xml:base="res00003"/><resource bb:file="res00004.dat"
   bb:title="Course Navigation Settings" identifier="res00004" type="course/x-bb-coursenavsetting"
   xml:base="res00004"/><resource bb:file="res00005.dat" bb:title="Course Content" identifier="res00005"
   type="course/x-bb-coursetoc" xml:base="res00005"/><resource bb:file="res00006.dat" bb:title="Link Your Syllabus Here"
   identifier="res00006" type="course/x-bb-coursetoc" xml:base="res00006"/><resource bb:file="res00007.dat"
   bb:title="Course Tools" identifier="res00007" type="course/x-bb-coursetoc" xml:base="res00007"/><resource
   bb:file="res00008.dat" bb:title="Announcements" identifier="res00008" type="course/x-bb-coursetoc"
   xml:base="res00008"/><resource bb:file="res00009.dat" bb:title="Messages" identifier="res00009"
   type="course/x-bb-coursetoc" xml:base="res00009"/><resource bb:file="res00010.dat" bb:title="Discussion Board"
   identifier="res00010" type="course/x-bb-coursetoc" xml:base="res00010"/><resource bb:file="res00011.dat"
   bb:title="Adobe Connect" identifier="res00011" type="course/x-bb-coursetoc" xml:base="res00011"/><resource
   bb:file="res00012.dat" bb:title="Assessments" identifier="res00012" type="course/x-bb-coursetoc"
   xml:base="res00012"/><resource bb:file="res00013.dat" bb:title="Assignment Dropbox" identifier="res00013"
   type="course/x-bb-coursetoc" xml:base="res00013"/><resource bb:file="res00014.dat" bb:title="Groups"
   identifier="res00014" type="course/x-bb-coursetoc" xml:base="res00014"/><resource bb:file="res00015.dat"
   bb:title="Student Resources" identifier="res00015" type="course/x-bb-coursetoc" xml:base="res00015"/><resource
   bb:file="res00016.dat" bb:title="My Grades" identifier="res00016" type="course/x-bb-coursetoc"
   xml:base="res00016"/><resource bb:file="res00017.dat" bb:title="Calendar" identifier="res00017"
   type="course/x-bb-coursetoc" xml:base="res00017"/><resource bb:file="res00018.dat" bb:title="Policies"
   identifier="res00018" type="course/x-bb-coursetoc" xml:base="res00018"/><resource bb:file="res00019.dat"
   bb:title="FIU Resources" identifier="res00019" type="course/x-bb-coursetoc" xml:base="res00019"/><resource
   bb:file="res00020.dat" bb:title="Course Resources" identifier="res00020" type="course/x-bb-coursetoc"
   xml:base="res00020"/><resource bb:file="res00021.dat" bb:title="Technical Support" identifier="res00021"
   type="course/x-bb-coursetoc" xml:base="res00021"/><resource bb:file="res00022.dat" bb:title="Instructor Dashboard"
   identifier="res00022" type="course/x-bb-coursetoc" xml:base="res00022"/><resource bb:file="res00023.dat"
   bb:title="Instructor Resources" identifier="res00023" type="course/x-bb-coursetoc" xml:base="res00023"/><resource
   bb:file="res00024.dat" bb:title="Section Tools" identifier="res00024" type="course/x-bb-coursetoc"
   xml:base="res00024"/><resource bb:file="res00025.dat" bb:title="Notes to Support Services" identifier="res00025"
   type="course/x-bb-coursetoc" xml:base="res00025"/><resource bb:file="res00026.dat" bb:title="Content Handler Data"
   identifier="res00026" type="course/x-bb-contenthandler" xml:base="res00026"/><resource bb:file="res00027.dat"
   bb:title="Groups" identifier="res00027" type="course/x-bb-group" xml:base="res00027"/><resource
   bb:file="res00028.dat" bb:title="Available Group Tools" identifier="res00028" type="course/x-bb-availgrouptool"
   xml:base="res00028"/><resource bb:file="res00029.dat" bb:title="Single Test Group" identifier="res00029"
   type="resource/x-bb-blog" xml:base="res00029"/><resource bb:file="res00030.dat" bb:title="Single Test Group"
   identifier="res00030" type="resource/x-bb-blog" xml:base="res00030"/><resource bb:file="res00031.dat"
   bb:title="Practice Quiz 1138" identifier="res00031" type="assessment/x-bb-qti-pool" xml:base="res00031"/><resource
   bb:file="res00032.dat" bb:title="Practice Quiz" identifier="res00032" type="assessment/x-bb-qti-pool"
   xml:base="res00032"/><resource bb:file="res00033.dat" bb:title="Practice Quiz" identifier="res00033"
   type="assessment/x-bb-qti-pool" xml:base="res00033"/><resource bb:file="res00034.dat" bb:title="Practice Quiz"
   identifier="res00034" type="assessment/x-bb-qti-pool" xml:base="res00034"/><resource bb:file="res00035.dat"
   bb:title="Practice Quiz" identifier="res00035" type="assessment/x-bb-qti-pool" xml:base="res00035"/><resource
   bb:file="res00036.dat" bb:title="Practice Quiz" identifier="res00036" type="assessment/x-bb-qti-pool"
   xml:base="res00036"/><resource bb:file="res00037.dat" bb:title="Practice Quiz" identifier="res00037"
   type="assessment/x-bb-qti-pool" xml:base="res00037"/><resource bb:file="res00038.dat" bb:title="Practice Quiz"
   identifier="res00038" type="assessment/x-bb-qti-pool" xml:base="res00038"/><resource bb:file="res00039.dat"
   bb:title="Practice Quiz" identifier="res00039" type="assessment/x-bb-qti-pool" xml:base="res00039"/><resource
   bb:file="res00040.dat" bb:title="Practice Quiz" identifier="res00040" type="assessment/x-bb-qti-pool"
   xml:base="res00040"/><resource bb:file="res00041.dat" bb:title="Practice Quiz" identifier="res00041"
   type="assessment/x-bb-qti-pool" xml:base="res00041"/><resource bb:file="res00042.dat" bb:title="Practice Quiz"
   identifier="res00042" type="assessment/x-bb-qti-pool" xml:base="res00042"/><resource bb:file="res00043.dat"
   bb:title="Practice Quiz" identifier="res00043" type="assessment/x-bb-qti-pool" xml:base="res00043"/><resource
   bb:file="res00044.dat" bb:title="Practice Quiz" identifier="res00044" type="assessment/x-bb-qti-pool"
   xml:base="res00044"/><resource bb:file="res00045.dat" bb:title="Practice Quiz" identifier="res00045"
   type="assessment/x-bb-qti-pool" xml:base="res00045"/><resource bb:file="res00046.dat" bb:title="Practice Quiz"
   identifier="res00046" type="assessment/x-bb-qti-pool" xml:base="res00046"/><resource bb:file="res00047.dat"
   bb:title="Practice Quiz" identifier="res00047" type="assessment/x-bb-qti-pool" xml:base="res00047"/><resource
   bb:file="res00048.dat" bb:title="Practice Quiz" identifier="res00048" type="assessment/x-bb-qti-pool"
   xml:base="res00048"/><resource bb:file="res00049.dat" bb:title="Practice Quiz" identifier="res00049"
   type="assessment/x-bb-qti-pool" xml:base="res00049"/><resource bb:file="res00050.dat" bb:title="Practice Quiz"
   identifier="res00050" type="assessment/x-bb-qti-pool" xml:base="res00050"/><resource bb:file="res00051.dat"
   bb:title="Practice Quiz" identifier="res00051" type="assessment/x-bb-qti-pool" xml:base="res00051"/><resource
   bb:file="res00052.dat" bb:title="Practice Quiz" identifier="res00052" type="assessment/x-bb-qti-pool"
   xml:base="res00052"/><resource bb:file="res00053.dat" bb:title="Practice Quiz" identifier="res00053"
   type="assessment/x-bb-qti-pool" xml:base="res00053"/><resource bb:file="res00054.dat" bb:title="Practice Quiz"
   identifier="res00054" type="assessment/x-bb-qti-pool" xml:base="res00054"/><resource bb:file="res00055.dat"
   bb:title="Practice Quiz" identifier="res00055" type="assessment/x-bb-qti-test" xml:base="res00055"/><resource
   bb:file="res00056.dat" bb:title="Academic Honesty Policies" identifier="res00056" type="assessment/x-bb-qti-test"
   xml:base="res00056"/><resource bb:file="res00057.dat" bb:title="Practice Quiz" identifier="res00057"
   type="assessment/x-bb-qti-test" xml:base="res00057"/><resource bb:file="res00058.dat"
   bb:title="Academic Honesty Policies" identifier="res00058" type="assessment/x-bb-qti-test"
   xml:base="res00058"/><resource bb:file="res00059.dat" bb:title="Practice Quiz" identifier="res00059"
   type="assessment/x-bb-qti-test" xml:base="res00059"/><resource bb:file="res00060.dat"
   bb:title="Academic Honesty Policies" identifier="res00060" type="assessment/x-bb-qti-test"
   xml:base="res00060"/><resource bb:file="res00061.dat" bb:title="Practice Quiz" identifier="res00061"
   type="assessment/x-bb-qti-test" xml:base="res00061"/><resource bb:file="res00062.dat"
   bb:title="Academic Honesty Policies" identifier="res00062" type="assessment/x-bb-qti-test"
   xml:base="res00062"/><resource bb:file="res00063.dat" bb:title="Practice Quiz" identifier="res00063"
   type="assessment/x-bb-qti-test" xml:base="res00063"/><resource bb:file="res00064.dat"
   bb:title="Academic Honesty Policies" identifier="res00064" type="assessment/x-bb-qti-test"
   xml:base="res00064"/><resource bb:file="res00065.dat" bb:title="Practice Quiz" identifier="res00065"
   type="assessment/x-bb-qti-test" xml:base="res00065"/><resource bb:file="res00066.dat"
   bb:title="Academic Honesty Policies" identifier="res00066" type="assessment/x-bb-qti-test"
   xml:base="res00066"/><resource bb:file="res00067.dat" bb:title="Practice Quiz" identifier="res00067"
   type="assessment/x-bb-qti-test" xml:base="res00067"/><resource bb:file="res00068.dat"
   bb:title="Academic Honesty Policies" identifier="res00068" type="assessment/x-bb-qti-test"
   xml:base="res00068"/><resource bb:file="res00069.dat" bb:title="Practice Quiz" identifier="res00069"
   type="assessment/x-bb-qti-test" xml:base="res00069"/><resource bb:file="res00070.dat"
   bb:title="Academic Honesty Policies" identifier="res00070" type="assessment/x-bb-qti-test"
   xml:base="res00070"/><resource bb:file="res00071.dat" bb:title="Practice Quiz" identifier="res00071"
   type="assessment/x-bb-qti-test" xml:base="res00071"/><resource bb:file="res00072.dat"
   bb:title="Academic Honesty Policies" identifier="res00072" type="assessment/x-bb-qti-test"
   xml:base="res00072"/><resource bb:file="res00073.dat" bb:title="Practice Quiz" identifier="res00073"
   type="assessment/x-bb-qti-test" xml:base="res00073"/><resource bb:file="res00074.dat"
   bb:title="Academic Honesty Policies" identifier="res00074" type="assessment/x-bb-qti-test"
   xml:base="res00074"/><resource bb:file="res00075.dat" bb:title="Practice Quiz" identifier="res00075"
   type="assessment/x-bb-qti-test" xml:base="res00075"/><resource bb:file="res00076.dat"
   bb:title="Academic Honesty Policies" identifier="res00076" type="assessment/x-bb-qti-test"
   xml:base="res00076"/><resource bb:file="res00077.dat" bb:title="Practice Quiz" identifier="res00077"
   type="assessment/x-bb-qti-test" xml:base="res00077"/><resource bb:file="res00078.dat"
   bb:title="Academic Honesty Policies" identifier="res00078" type="assessment/x-bb-qti-test"
   xml:base="res00078"/><resource bb:file="res00079.dat" bb:title="Practice Quiz" identifier="res00079"
   type="assessment/x-bb-qti-test" xml:base="res00079"/><resource bb:file="res00080.dat"
   bb:title="Academic Honesty Policies" identifier="res00080" type="assessment/x-bb-qti-test"
   xml:base="res00080"/><resource bb:file="res00081.dat" bb:title="Practice Quiz" identifier="res00081"
   type="assessment/x-bb-qti-test" xml:base="res00081"/><resource bb:file="res00082.dat"
   bb:title="Academic Honesty Policies" identifier="res00082" type="assessment/x-bb-qti-test"
   xml:base="res00082"/><resource bb:file="res00083.dat" bb:title="Practice Quiz" identifier="res00083"
   type="assessment/x-bb-qti-test" xml:base="res00083"/><resource bb:file="res00084.dat"
   bb:title="Academic Honesty Policies" identifier="res00084" type="assessment/x-bb-qti-test"
   xml:base="res00084"/><resource bb:file="res00085.dat" bb:title="Practice Quiz" identifier="res00085"
   type="assessment/x-bb-qti-test" xml:base="res00085"/><resource bb:file="res00086.dat"
   bb:title="Academic Honesty Policies" identifier="res00086" type="assessment/x-bb-qti-test"
   xml:base="res00086"/><resource bb:file="res00087.dat" bb:title="Practice Quiz" identifier="res00087"
   type="assessment/x-bb-qti-test" xml:base="res00087"/><resource bb:file="res00088.dat"
   bb:title="Academic Honesty Policies" identifier="res00088" type="assessment/x-bb-qti-test"
   xml:base="res00088"/><resource bb:file="res00089.dat" bb:title="Practice Quiz" identifier="res00089"
   type="assessment/x-bb-qti-test" xml:base="res00089"/><resource bb:file="res00090.dat"
   bb:title="Academic Honesty Policies" identifier="res00090" type="assessment/x-bb-qti-test"
   xml:base="res00090"/><resource bb:file="res00091.dat" bb:title="Practice Quiz" identifier="res00091"
   type="assessment/x-bb-qti-test" xml:base="res00091"/><resource bb:file="res00092.dat"
   bb:title="Academic Honesty Policies" identifier="res00092" type="assessment/x-bb-qti-test"
   xml:base="res00092"/><resource bb:file="res00093.dat" bb:title="Practice Quiz" identifier="res00093"
   type="assessment/x-bb-qti-test" xml:base="res00093"/><resource bb:file="res00094.dat"
   bb:title="Academic Honesty Policies" identifier="res00094" type="assessment/x-bb-qti-test"
   xml:base="res00094"/><resource bb:file="res00095.dat" bb:title="Practice Quiz" identifier="res00095"
   type="assessment/x-bb-qti-test" xml:base="res00095"/><resource bb:file="res00096.dat"
   bb:title="Academic Honesty Policies" identifier="res00096" type="assessment/x-bb-qti-test"
   xml:base="res00096"/><resource bb:file="res00097.dat" bb:title="Practice Quiz" identifier="res00097"
   type="assessment/x-bb-qti-test" xml:base="res00097"/><resource bb:file="res00098.dat"
   bb:title="Academic Honesty Policies" identifier="res00098" type="assessment/x-bb-qti-test"
   xml:base="res00098"/><resource bb:file="res00099.dat" bb:title="Practice Quiz" identifier="res00099"
   type="assessment/x-bb-qti-test" xml:base="res00099"/><resource bb:file="res00100.dat"
   bb:title="Academic Honesty Policies" identifier="res00100" type="assessment/x-bb-qti-test"
   xml:base="res00100"/><resource bb:file="res00101.dat" bb:title="Practice Quiz" identifier="res00101"
   type="assessment/x-bb-qti-test" xml:base="res00101"/><resource bb:file="res00102.dat"
   bb:title="Academic Honesty Policies" identifier="res00102" type="assessment/x-bb-qti-test"
   xml:base="res00102"/><resource bb:file="res00103.dat" bb:title="SAMPLE" identifier="res00103"
   type="assessment/x-bb-qti-test" xml:base="res00103"/><resource bb:file="res00104.dat" bb:title="asd"
   identifier="res00104" type="assessment/x-bb-qti-test" xml:base="res00104"/><resource bb:file="res00105.dat"
   bb:title="Assessment Creation Settings" identifier="res00105" type="course/x-bb-courseassessmentcreationsettings"
   xml:base="res00105"/><resource bb:file="res00106.dat" bb:title="Conferences" identifier="res00106"
   type="resource/x-bb-conference" xml:base="res00106"/><resource bb:file="res00107.dat" bb:title="Test Groups 2"
   identifier="res00107" type="resource/x-bb-discussionboard" xml:base="res00107"/><resource bb:file="res00108.dat"
   bb:title="General Forum" identifier="res00108" type="resource/x-bb-discussionboard" xml:base="res00108"/><resource
   bb:file="res00109.dat" bb:title="Test Groups 3" identifier="res00109" type="resource/x-bb-discussionboard"
   xml:base="res00109"/><resource bb:file="res00110.dat" bb:title="Single Test Group" identifier="res00110"
   type="resource/x-bb-discussionboard" xml:base="res00110"/><resource bb:file="res00111.dat" bb:title="Test Groups 5"
   identifier="res00111" type="resource/x-bb-discussionboard" xml:base="res00111"/><resource bb:file="res00112.dat"
   bb:title="Test Groups 4" identifier="res00112" type="resource/x-bb-discussionboard" xml:base="res00112"/><resource
   bb:file="res00113.dat" bb:title="Test Groups 1" identifier="res00113" type="resource/x-bb-discussionboard"
   xml:base="res00113"/><resource bb:file="res00114.dat" bb:title="Introduce Yourself" identifier="res00114"
   type="resource/x-bb-discussionboard" xml:base="res00114"/><resource bb:file="res00115.dat" bb:title="Second Board"
   identifier="res00115" type="resource/x-bb-discussionboard" xml:base="res00115"/><resource bb:file="res00116.dat"
   bb:title="Third Board" identifier="res00116" type="resource/x-bb-discussionboard" xml:base="res00116"/><resource
   bb:file="res00117.dat" bb:title="--TOP--" identifier="res00117" type="resource/x-bb-document"
   xml:base="res00117"/><resource bb:file="res00118.dat" bb:title="Welcome to (My Course)" identifier="res00118"
   type="resource/x-bb-document" xml:base="res00118"/><resource bb:file="res00119.dat"
   bb:title="Another Turnitin Test (select testing)" identifier="res00119" type="resource/x-bb-document"
   xml:base="res00119"/><resource bb:file="res00120.dat" bb:title="Test" identifier="res00120"
   type="resource/x-bb-document" xml:base="res00120"/><resource bb:file="res00121.dat" bb:title="Hotkey Test - Edited"
   identifier="res00121" type="resource/x-bb-document" xml:base="res00121"/><resource bb:file="res00122.dat"
   bb:title="TEST TURNITIN" identifier="res00122" type="resource/x-bb-document" xml:base="res00122"/><resource
   bb:file="res00123.dat" bb:title="TEST LINK" identifier="res00123" type="resource/x-bb-document"
   xml:base="res00123"/><resource bb:file="res00124.dat" bb:title="Practice Quiz" identifier="res00124"
   type="resource/x-bb-document" xml:base="res00124"/><resource bb:file="res00125.dat" bb:title="Basic Item"
   identifier="res00125" type="resource/x-bb-document" xml:base="res00125"/><resource bb:file="res00126.dat"
   bb:title="Blogs" identifier="res00126" type="resource/x-bb-document" xml:base="res00126"/><resource
   bb:file="res00127.dat" bb:title="--TOP--" identifier="res00127" type="resource/x-bb-document"
   xml:base="res00127"/><resource bb:file="res00128.dat" bb:title="Instructions" identifier="res00128"
   type="resource/x-bb-document" xml:base="res00128"/><resource bb:file="res00129.dat"
   bb:title="Private Group Meeting Rooms - Important How To's" identifier="res00129" type="resource/x-bb-document"
   xml:base="res00129"/><resource bb:file="res00130.dat" bb:title="Adobe Connect Meetings" identifier="res00130"
   type="resource/x-bb-document" xml:base="res00130"/><resource bb:file="res00131.dat" bb:title="--TOP--"
   identifier="res00131" type="resource/x-bb-document" xml:base="res00131"/><resource bb:file="res00132.dat"
   bb:title="Instructions" identifier="res00132" type="resource/x-bb-document" xml:base="res00132"/><resource
   bb:file="res00133.dat" bb:title="Proctored Exam Instructions" identifier="res00133" type="resource/x-bb-document"
   xml:base="res00133"/><resource bb:file="res00134.dat" bb:title="ProctorU" identifier="res00134"
   type="resource/x-bb-document" xml:base="res00134"/><resource bb:file="res00135.dat"
   bb:title="Respondus Lockdown Browser" identifier="res00135" type="resource/x-bb-document"
   xml:base="res00135"/><resource bb:file="res00136.dat" bb:title="Practice Quiz" identifier="res00136"
   type="resource/x-bb-document" xml:base="res00136"/><resource bb:file="res00137.dat" bb:title="SAMPLE"
   identifier="res00137" type="resource/x-bb-document" xml:base="res00137"/><resource bb:file="res00138.dat"
   bb:title="iframe Test" identifier="res00138" type="resource/x-bb-document" xml:base="res00138"/><resource
   bb:file="res00139.dat" bb:title="--TOP--" identifier="res00139" type="resource/x-bb-document"
   xml:base="res00139"/><resource bb:file="res00140.dat" bb:title="Assignment Instructions" identifier="res00140"
   type="resource/x-bb-document" xml:base="res00140"/><resource bb:file="res00141.dat"
   bb:title="Directions on Submitting Assignments to the Dropbox" identifier="res00141" type="resource/x-bb-document"
   xml:base="res00141"/><resource bb:file="res00142.dat"
   bb:title="Directions on Submitting Assignments through Turnitin" identifier="res00142" type="resource/x-bb-document"
   xml:base="res00142"/><resource bb:file="res00143.dat" bb:title="asd" identifier="res00143"
   type="resource/x-bb-document" xml:base="res00143"/><resource bb:file="res00144.dat" bb:title="--TOP--"
   identifier="res00144" type="resource/x-bb-document" xml:base="res00144"/><resource bb:file="res00145.dat"
   bb:title="Attention Support Services:" identifier="res00145" type="resource/x-bb-document"
   xml:base="res00145"/><resource bb:file="res00146.dat" bb:title="Course Module Pages" identifier="res00146"
   type="course/x-bb-coursemodulepages" xml:base="res00146"/><resource bb:file="res00147.dat" bb:title="LearnRubrics"
   identifier="res00147" type="course/x-bb-rubrics" xml:base="res00147"/><resource bb:file="res00148.dat"
   bb:title="Gradebook" identifier="res00148" type="course/x-bb-gradebook" xml:base="res00148"/><resource
   bb:file="res00149.dat" bb:title="Course Assessment" identifier="res00149" type="course/x-bb-courseassessment"
   xml:base="res00149"/><resource bb:file="res00150.dat" bb:title="Course Assessment" identifier="res00150"
   type="course/x-bb-courseassessment" xml:base="res00150"/><resource bb:file="res00151.dat"
   bb:title="Course Assessment" identifier="res00151" type="course/x-bb-courseassessment" xml:base="res00151"/><resource
   bb:file="res00152.dat" bb:title="" identifier="res00152" type="resource/x-bb-link" xml:base="res00152"/><resource
   bb:file="res00153.dat" bb:title="Practice Quiz" identifier="res00153" type="resource/x-bb-link"
   xml:base="res00153"/><resource bb:file="res00154.dat" bb:title="SAMPLE" identifier="res00154"
   type="resource/x-bb-link" xml:base="res00154"/><resource bb:file="res00155.dat" bb:title="Practice Quiz"
   identifier="res00155" type="resource/x-bb-link" xml:base="res00155"/><resource bb:file="res00156.dat" bb:title=""
   identifier="res00156" type="resource/x-bb-link" xml:base="res00156"/><resource bb:file="res00157.dat"
   bb:title="Rule 1" identifier="res00157" type="course/x-bb-availability-rule" xml:base="res00157"/><resource
   bb:file="res00158.dat" bb:title="CSResourceLinks" identifier="res00158" type="course/x-bb-csresourcelinks"
   xml:base="res00158"/><resource bb:file="res00159.dat" bb:title="CourseRubricAssociation" identifier="res00159"
   type="course/x-bb-crsrubricassocation" xml:base="res00159"/><resource bb:file="res00160.dat" bb:title="BB_EWS_RULE_"
   identifier="res00160" type="resource/x-bb-retention" xml:base="res00160"/><resource bb:file="res00161.dat"
   bb:title="Single Test Group" identifier="res00161" type="resource/x-bb-wiki" xml:base="res00161"/><resource
   bb:file="res00162.dat" bb:title="NC-NEC1000DanielVictoriano_03292016-10000" identifier="res00162"
   type="resource/x-mhhe-course-cx" xml:base="res00162"/></resources></manifest>
